{
  "model_type": "user_defined",
  "sigma_vertical": 100,
  "soil_parameters": {
    "k0": 1.0
  },
  "data": {
    "strain": [
      1.00E-06,
      3.00E-06,
      1.00E-05,
      3.00E-05,
      1.00E-04,
      3.00E-04,
      1.00E-03,
      3.00E-03,
      7.00E-03,
      1.00E-02,
      3.00E-02,
      7.00E-02,
      1.00E-01
    ],
    "ggmax": [
      0.994213281,
      0.984276674,
      0.95392483,
      0.882951922,
      0.713865987,
      0.476170636,
      0.231147923,
      0.098725605,
      0.047873666,
      0.034961639,
      0.013027996,
      0.006022525,
      0.004346657
    ],
    "damp": [
      0.010466415,
      0.011449623,
      0.014806066,
      0.023736441,
      0.049062802,
      0.093390968,
      0.152246393,
      0.192380412,
      0.208191593,
      0.211113554,
      0.209623131,
      0.201534399,
      0.197168284
    ]
  }
}